run,accuracy
1,1.0
2,0.996564
3,1.0
4,0.989691
5,1.0
6,0.993127
7,0.993127
8,0.996564
9,0.996564
10,0.996564
11,0.996564
12,1.0
13,0.996564
14,0.993127
15,1.0
16,1.0
17,0.996564
18,0.993127
19,1.0
20,0.993127
